{
  "project_info": {
    "project_number": "478723947568",
    "firebase_url": "https://test-1bf47.firebaseio.com",
    "project_id": "test-1bf47",
    "storage_bucket": "test-1bf47.appspot.com"
  },
  "client": [
    {
      "client_info": {
        "mobilesdk_app_id": "1:478723947568:android:4b02ae74a3c78be84381f5",
        "android_client_info": {
          "package_name": "com.example.ecom"
        }
      },
      "oauth_client": [
        {
          "client_id": "478723947568-pt2i7gs1f1hurutc0c2i4rga6g9ja4v7.apps.googleusercontent.com",
          "client_type": 1,
          "android_info": {
            "package_name": "com.example.ecom",
            "certificate_hash": "fa9e83e4158175e2bce91be0acc973ea3f14ab11"
          }
        },
        {
          "client_id": "478723947568-304atk1q944rlbl31dmi9gqed1aihkah.apps.googleusercontent.com",
          "client_type": 3
        }
      ],
      "api_key": [
        {
          "current_key": "AIzaSyDIArfhmBwci1fUk8bphzN9uw8gVpA-9v0"
        }
      ],
      "services": {
        "appinvite_service": {
          "other_platform_oauth_client": [
            {
              "client_id": "478723947568-304atk1q944rlbl31dmi9gqed1aihkah.apps.googleusercontent.com",
              "client_type": 3
            }
          ]
        }
      }
    }
  ],
  "configuration_version": "1"
}